{
  "version": 2,
  "bodyType": "male",
  "selections": {
    "body": {
      "itemId": "body",
      "variant": "fur_black",
      "name": "Body color (fur_black)"
    },
    "head": {
      "itemId": "heads_human_male",
      "variant": "fur_black",
      "name": "Human male (fur_black)"
    },
    "expression": {
      "itemId": "face_neutral",
      "variant": "fur_black",
      "name": "Neutral (fur_black)"
    },
    "armour": {
      "itemId": "torso_armour_legion",
      "variant": "gold",
      "name": "Legion (gold)"
    },
    "arms": {
      "itemId": "arms_armour",
      "variant": "gold",
      "name": "Armour (gold)"
    },
    "hat": {
      "itemId": "hat_helmet_norman",
      "variant": "gold",
      "name": "Norman helm (gold)"
    },
    "gloves": {
      "itemId": "arms_gloves",
      "variant": "gold",
      "name": "Gloves (gold)"
    },
    "legs": {
      "itemId": "legs_armour",
      "variant": "gold",
      "name": "Armour (gold)"
    },
    "shoes": {
      "itemId": "feet_armour",
      "variant": "gold",
      "name": "Armour (gold)"
    },
    "weapon": {
      "itemId": "weapon_sword_rapier",
      "variant": "rapier",
      "name": "Rapier (rapier)"
    }
  },
  "selectedAnimation": "slash_oversize",
  "showTransparencyGrid": true,
  "applyTransparencyMask": true,
  "matchBodyColorEnabled": true,
  "compactDisplay": false,
  "enabledLicenses": {
    "CC0": true,
    "CC-BY-SA": true,
    "CC-BY": true,
    "OGA-BY": true,
    "GPL": true
  },
  "enabledAnimations": {
    "spellcast": false,
    "thrust": false,
    "walk": false,
    "slash": false,
    "shoot": false,
    "hurt": false,
    "climb": false,
    "idle": false,
    "jump": false,
    "sit": false,
    "emote": false,
    "run": false,
    "watering": false,
    "combat": false,
    "1h_slash": false,
    "1h_backslash": false,
    "1h_halfslash": false
  },
  "url": "https://liberatedpixelcup.github.io/Universal-LPC-Spritesheet-Character-Generator/#sex=male&body=Body_color_fur_black&head=Human_male_fur_black&expression=Neutral_fur_black&armour=Legion_gold&arms=Armour_gold&hat=Norman_helm_gold&gloves=Gloves_gold&legs=Armour_gold&shoes=Armour_gold&weapon=Rapier_rapier",
  "layers": [
    {
      "itemId": "weapon_sword_rapier",
      "variant": "rapier",
      "zPos": 9,
      "layerNum": 2,
      "yPos": 512,
      "isCustom": false,
      "fileName": "weapon/sword/rapier/universal_behind/walk/rapier.png",
      "supportedAnimations": [
        "walk",
        "hurt"
      ]
    },
    {
      "itemId": "body",
      "variant": "fur_black",
      "zPos": 10,
      "layerNum": 1,
      "yPos": 0,
      "isCustom": false,
      "fileName": "body/bodies/male/spellcast/fur_black.png",
      "supportedAnimations": [
        "spellcast",
        "thrust",
        "walk",
        "slash",
        "shoot",
        "hurt",
        "climb",
        "idle",
        "jump",
        "sit",
        "emote",
        "run",
        "combat_idle",
        "backslash",
        "halfslash"
      ]
    },
    {
      "itemId": "feet_armour",
      "variant": "gold",
      "zPos": 15,
      "layerNum": 1,
      "yPos": 0,
      "isCustom": false,
      "fileName": "feet/armour/plate/male/spellcast/gold.png",
      "supportedAnimations": [
        "spellcast",
        "thrust",
        "walk",
        "slash",
        "shoot",
        "hurt",
        "idle"
      ]
    },
    {
      "itemId": "legs_armour",
      "variant": "gold",
      "zPos": 20,
      "layerNum": 1,
      "yPos": 0,
      "isCustom": false,
      "fileName": "legs/armour/plate/male/spellcast/gold.png",
      "supportedAnimations": [
        "spellcast",
        "thrust",
        "walk",
        "slash",
        "shoot",
        "hurt",
        "climb",
        "idle",
        "jump",
        "sit"
      ]
    },
    {
      "itemId": "torso_armour_legion",
      "variant": "gold",
      "zPos": 60,
      "layerNum": 1,
      "yPos": 0,
      "isCustom": false,
      "fileName": "torso/armour/legion/male/spellcast/gold.png",
      "supportedAnimations": [
        "spellcast",
        "thrust",
        "walk",
        "slash",
        "shoot",
        "hurt",
        "climb",
        "idle",
        "jump",
        "sit",
        "emote",
        "run",
        "combat_idle",
        "backslash",
        "halfslash"
      ]
    },
    {
      "itemId": "arms_armour",
      "variant": "gold",
      "zPos": 60,
      "layerNum": 1,
      "yPos": 0,
      "isCustom": false,
      "fileName": "arms/armour/plate/male/spellcast/gold.png",
      "supportedAnimations": [
        "spellcast",
        "thrust",
        "walk",
        "slash",
        "shoot",
        "hurt",
        "idle"
      ]
    },
    {
      "itemId": "arms_gloves",
      "variant": "gold",
      "zPos": 70,
      "layerNum": 1,
      "yPos": 0,
      "isCustom": false,
      "fileName": "arms/gloves/male/spellcast/gold.png",
      "supportedAnimations": [
        "spellcast",
        "thrust",
        "walk",
        "slash",
        "shoot",
        "hurt",
        "climb",
        "idle",
        "jump",
        "sit",
        "emote",
        "run",
        "combat_idle",
        "backslash",
        "halfslash"
      ]
    },
    {
      "itemId": "heads_human_male",
      "variant": "fur_black",
      "zPos": 100,
      "layerNum": 1,
      "yPos": 0,
      "isCustom": false,
      "fileName": "head/heads/human/male/spellcast/fur_black.png",
      "supportedAnimations": [
        "spellcast",
        "thrust",
        "walk",
        "slash",
        "shoot",
        "hurt",
        "climb",
        "idle",
        "jump",
        "sit",
        "emote",
        "run",
        "combat_idle",
        "backslash",
        "halfslash"
      ]
    },
    {
      "itemId": "face_neutral",
      "variant": "fur_black",
      "zPos": 101,
      "layerNum": 1,
      "yPos": 0,
      "isCustom": false,
      "fileName": "head/faces/male/neutral/spellcast/fur_black.png",
      "supportedAnimations": [
        "spellcast",
        "thrust",
        "walk",
        "slash",
        "shoot",
        "hurt",
        "climb",
        "idle",
        "jump",
        "sit",
        "emote",
        "run",
        "combat_idle",
        "backslash",
        "halfslash"
      ]
    },
    {
      "itemId": "hat_helmet_norman",
      "variant": "gold",
      "zPos": 135,
      "layerNum": 1,
      "yPos": 0,
      "isCustom": false,
      "fileName": "hat/helmet/norman/adult/spellcast/gold.png",
      "supportedAnimations": [
        "spellcast",
        "thrust",
        "walk",
        "slash",
        "shoot",
        "hurt",
        "climb",
        "idle",
        "jump",
        "sit",
        "emote",
        "run",
        "combat_idle",
        "backslash",
        "halfslash"
      ]
    },
    {
      "itemId": "weapon_sword_rapier",
      "variant": "rapier",
      "zPos": 140,
      "layerNum": 1,
      "yPos": 512,
      "isCustom": false,
      "fileName": "weapon/sword/rapier/walk/rapier.png",
      "supportedAnimations": [
        "walk",
        "hurt"
      ]
    }
  ],
  "credits": [
    {
      "fileName": "body/bodies/male/slash_oversize/fur_black.png",
      "file": "body/bodies/male",
      "notes": "see details at https://opengameart.org/content/lpc-character-bases; 'Thick' Male Revised Run/Climb by JaidynReiman (based on ElizaWy's LPC Revised)",
      "authors": [
        "bluecarrot16",
        "JaidynReiman",
        "Benjamin K. Smith (BenCreating)",
        "Evert",
        "Eliza Wyatt (ElizaWy)",
        "TheraHedwig",
        "MuffinElZangano",
        "Durrani",
        "Johannes Sjölund (wulax)",
        "Stephen Challener (Redshrike)"
      ],
      "licenses": [
        "OGA-BY 3.0",
        "CC-BY-SA 3.0",
        "GPL 3.0"
      ],
      "urls": [
        "https://opengameart.org/content/liberated-pixel-cup-lpc-base-assets-sprites-map-tiles",
        "https://opengameart.org/content/lpc-medieval-fantasy-character-sprites",
        "https://opengameart.org/content/lpc-male-jumping-animation-by-durrani",
        "https://opengameart.org/content/lpc-runcycle-and-diagonal-walkcycle",
        "https://opengameart.org/content/lpc-revised-character-basics",
        "https://opengameart.org/content/lpc-be-seated",
        "https://opengameart.org/content/lpc-runcycle-for-male-muscular-and-pregnant-character-bases-with-modular-heads",
        "https://opengameart.org/content/lpc-jump-expanded",
        "https://opengameart.org/content/lpc-character-bases"
      ]
    },
    {
      "fileName": "head/heads/human/male/slash_oversize/fur_black.png",
      "file": "head/heads/human/male",
      "notes": "original head by Redshrike, tweaks by BenCreating, modular version by bluecarrot16",
      "authors": [
        "bluecarrot16",
        "Benjamin K. Smith (BenCreating)",
        "Stephen Challener (Redshrike)"
      ],
      "licenses": [
        "OGA-BY 3.0",
        "CC-BY-SA 3.0",
        "GPL 3.0"
      ],
      "urls": [
        "https://opengameart.org/content/liberated-pixel-cup-lpc-base-assets-sprites-map-tiles",
        "https://opengameart.org/content/lpc-character-bases"
      ]
    },
    {
      "fileName": "head/faces/male/neutral/slash_oversize/fur_black.png",
      "file": "head/faces",
      "notes": "Original by Redshrike, Expressions by ElizaWy, mapped to all frames by JaidynReiman",
      "authors": [
        "JaidynReiman",
        "ElizaWy",
        "Stephen Challener (Redshrike)"
      ],
      "licenses": [
        "OGA-BY 3.0"
      ],
      "urls": [
        "https://github.com/ElizaWy/LPC/tree/main/Characters/Head",
        "https://opengameart.org/content/ulpc-expanded-expressions"
      ]
    },
    {
      "fileName": "torso/armour/legion/male/slash_oversize/gold.png",
      "file": "torso/armour/legion",
      "notes": "adapted to v3 bases by bluecarrot16, jump/run/sit/combat and teen by Jaidynreiman",
      "authors": [
        "JaidynReiman",
        "bluecarrot16",
        "Nila122"
      ],
      "licenses": [
        "OGA-BY 3.0",
        "CC-BY-SA 3.0",
        "GPL 2.0",
        "GPL 3.0"
      ],
      "urls": [
        "https://opengameart.org/content/lpc-roman-armor"
      ]
    },
    {
      "fileName": "arms/armour/plate/male/slash_oversize/gold.png",
      "file": "arms/armour/plate/male",
      "notes": "original by wulax, recolors by bigbeargames; adapted to v3 bases and further recolors by bluecarrot16",
      "authors": [
        "Michael Whitlock (bigbeargames)",
        "Matthew Krohn (makrohn)",
        "Johannes Sjölund (wulax)"
      ],
      "licenses": [
        "OGA-BY 3.0",
        "CC-BY-SA 3.0",
        "GPL 3.0"
      ],
      "urls": [
        "https://opengameart.org/content/lpc-medieval-fantasy-character-sprites",
        "http://opengameart.org/content/lpc-clothing-updates"
      ]
    },
    {
      "fileName": "hat/helmet/norman/adult/slash_oversize/gold.png",
      "file": "hat/helmet/norman",
      "notes": "",
      "authors": [
        "ElizaWy",
        "Sander Frenken (castelonia)"
      ],
      "licenses": [
        "OGA-BY 3.0",
        "CC-BY-SA 4.0",
        "CC-BY-SA 3.0",
        "GPL 3.0"
      ],
      "urls": [
        "https://opengameart.org/content/lpc-realistic-helmet-pack",
        "https://opengameart.org/content/lpc-expanded-hats-facial-helmets"
      ]
    },
    {
      "fileName": "arms/gloves/male/slash_oversize/gold.png",
      "file": "arms/gloves/male",
      "notes": "metal gloves by wulax, recolors by bigbeargames, adapted to v3 bases by bluecarrot16, added to expanded animations by JaidynReiman",
      "authors": [
        "Michael Whitlock (bigbeargames)",
        "Matthew Krohn (makrohn)",
        "Johannes Sjölund (wulax)",
        "bluecarrot16",
        "JaidynReiman"
      ],
      "licenses": [
        "OGA-BY 3.0",
        "CC-BY-SA 3.0",
        "GPL 3.0"
      ],
      "urls": [
        "https://opengameart.org/content/lpc-medieval-fantasy-character-sprites",
        "http://opengameart.org/content/lpc-clothing-updates"
      ]
    },
    {
      "fileName": "legs/armour/plate/male/slash_oversize/gold.png",
      "file": "legs/armour/plate",
      "notes": "reduced to 7 colors an adapted to v3 bases by bluecarrot16, climb/jump/sit/emotes by JaidynReiman",
      "authors": [
        "bluecarrot16",
        "JaidynReiman",
        "Michael Whitlock (bigbeargames)",
        "Matthew Krohn (makrohn)",
        "Johannes Sjölund (wulax)"
      ],
      "licenses": [
        "OGA-BY 3.0",
        "CC-BY-SA 3.0",
        "GPL 3.0"
      ],
      "urls": [
        "https://opengameart.org/content/lpc-medieval-fantasy-character-sprites"
      ]
    },
    {
      "fileName": "feet/armour/plate/male/slash_oversize/gold.png",
      "file": "feet/armour/plate",
      "notes": "original by wulax, recolors by bigbeargames, edits for v3 base and recolors by bluecarrot16",
      "authors": [
        "Matthew Krohn (makrohn)",
        "Johannes Sjölund (wulax)"
      ],
      "licenses": [
        "OGA-BY 3.0",
        "CC-BY-SA 3.0",
        "GPL 3.0"
      ],
      "urls": [
        "https://opengameart.org/content/lpc-medieval-fantasy-character-sprites"
      ]
    },
    {
      "fileName": "weapon/sword/rapier/slash_oversize/rapier.png",
      "file": "weapon/sword/rapier",
      "notes": "",
      "authors": [
        "Johannes Sjölund (wulax)",
        "bluecarrot16"
      ],
      "licenses": [
        "OGA-BY 3.0",
        "CC-BY-SA 3.0"
      ],
      "urls": [
        "https://opengameart.org/content/lpc-medieval-fantasy-character-sprites",
        "https://opengameart.org/content/lpc-extended-weapon-animations"
      ]
    }
  ]
}